date,rain,rain_cum_yr,rain_cum_wyr,wtr_yr_day,wtr_yr,wtr_day_yr,year,month,day,DOY,quarter,mean,max,min,std,sem,ci95_hi,ci95_lo,percentile_5th,percentile_95th,percent_5th,percent_95th
2024-01-01,0.25,0.25,1103.12,93,2024,2023-01-01,2024,1,1,1,1,1169.36,1764.52,550.39,287.86,62.82,1292.49,1046.23,740.02,1657.9,0.0,30.97
2024-01-02,10.41,10.66,1113.53,94,2024,2023-01-02,2024,1,2,2,1,1178.66,1764.52,551.92,292.7,63.87,1303.85,1053.47,740.02,1657.9,0.0,88.9
2024-01-03,10.41,21.07,1123.94,95,2024,2023-01-03,2024,1,3,3,1,1196.52,1796.78,617.7,296.1,64.61,1323.16,1069.88,760.6,1678.22,0.0,102.87
2024-01-04,39.62,60.69,1163.56,96,2024,2023-01-04,2024,1,4,4,1,1217.51,1874.82,617.96,313.32,68.37,1351.52,1083.5,760.63,1831.58,0.0,205.96
2024-01-05,63.5,124.19,1227.06,97,2024,2023-01-05,2024,1,5,5,1,1229.3,1890.82,618.21,315.36,68.82,1364.19,1094.41,760.63,1834.88,0.25,208.5
2024-01-06,7.37,131.56,1234.43,98,2024,2023-01-06,2024,1,6,6,1,1249.33,1897.93,618.21,318.26,69.45,1385.45,1113.21,760.63,1835.9,1.02,240.29
2024-01-07,0.76,132.32,1235.19,99,2024,2023-01-07,2024,1,7,7,1,1264.63,1928.86,618.46,329.07,71.81,1405.38,1123.88,760.63,1914.19,1.02,256.55
2024-01-08,31.5,163.82,1266.69,100,2024,2023-01-08,2024,1,8,8,1,1286.74,1974.83,633.2,329.83,71.98,1427.82,1145.66,783.53,1915.46,6.85,347.73
2024-01-09,16.51,180.33,1283.2,101,2024,2023-01-09,2024,1,9,9,1,1307.99,1975.59,701.78,317.02,69.18,1443.58,1172.4,870.43,1919.78,11.93,347.73
2024-01-10,1.02,181.35,1284.22,102,2024,2023-01-10,2024,1,10,10,1,1321.0,1996.67,715.75,320.2,69.87,1457.95,1184.05,885.73,1947.72,12.19,347.98
2024-01-11,0.0,181.35,1284.22,103,2024,2023-01-11,2024,1,11,11,1,1332.04,2030.45,741.65,320.72,69.99,1469.22,1194.86,895.13,1951.02,12.44,366.27
2024-01-12,0.25,181.6,1284.47,104,2024,2023-01-12,2024,1,12,12,1,1349.64,2082.52,808.2,319.34,69.69,1486.23,1213.05,895.91,1951.02,34.03,376.69
2024-01-13,0.0,181.6,1284.47,105,2024,2023-01-13,2024,1,13,13,1,1368.55,2159.48,820.39,325.7,71.07,1507.85,1229.25,895.91,1951.27,50.29,391.42
2024-01-14,0.0,181.6,1284.47,106,2024,2023-01-14,2024,1,14,14,1,1379.9,2161.26,821.92,324.7,70.86,1518.79,1241.01,896.16,1951.27,50.29,391.58
2024-01-15,0.51,182.11,1284.98,107,2024,2023-01-15,2024,1,15,15,1,1388.93,2162.02,821.92,324.01,70.71,1527.52,1250.34,903.02,1951.53,50.29,392.08
2024-01-16,0.0,182.11,1284.98,108,2024,2023-01-16,2024,1,16,16,1,1394.59,2162.27,822.17,324.54,70.82,1533.4,1255.78,904.27,1951.53,50.29,396.76
2024-01-17,5.6,187.71,1284.98,109,2024,2023-01-17,2024,1,17,17,1,1406.72,2162.52,822.17,321.18,70.09,1544.1,1269.34,904.77,1951.78,70.06,403.08
2024-01-18,0.0,187.71,1286.25,110,2024,2023-01-18,2024,1,18,18,1,1431.24,2164.04,822.43,324.49,70.81,1570.03,1292.45,906.04,1988.1,149.35,404.6
2024-01-19,26.5,214.21,1327.65,111,2024,2023-01-19,2024,1,19,19,1,1456.39,2167.09,822.43,333.05,72.68,1598.84,1313.94,906.04,2026.71,151.13,458.74
2024-01-20,2.79,217.0,1330.44,112,2024,2023-01-20,2024,1,20,20,1,1471.44,2183.6,822.43,341.33,74.48,1617.42,1325.46,906.29,2029.51,158.75,471.7
2024-01-21,33.27,250.27,1363.71,113,2024,2023-01-21,2024,1,21,21,1,1483.28,2215.35,822.68,344.94,75.27,1630.81,1335.75,943.13,2029.51,166.62,487.96
2024-01-22,41.15,291.42,1404.86,114,2024,2023-01-22,2024,1,22,22,1,1497.58,2215.6,822.68,340.48,74.3,1643.21,1351.95,980.21,2029.51,199.13,541.55
2024-01-23,36.32,327.74,1441.18,115,2024,2023-01-23,2024,1,23,23,1,1521.6,2215.6,822.68,359.06,78.35,1675.17,1368.03,985.44,2081.75,220.47,575.71
2024-01-24,23.11,350.85,1464.29,116,2024,2023-01-24,2024,1,24,24,1,1543.21,2215.6,822.68,367.89,80.28,1700.56,1385.86,985.44,2090.12,224.81,684.68
2024-01-25,68.58,419.43,1532.87,117,2024,2023-01-25,2024,1,25,25,1,1554.67,2215.85,822.68,365.23,79.7,1710.88,1398.46,985.69,2092.4,225.06,699.54
2024-01-26,18.29,437.72,1551.16,118,2024,2023-01-26,2024,1,26,26,1,1560.36,2215.85,822.93,364.91,79.63,1716.43,1404.29,985.69,2092.65,225.06,707.92
2024-01-27,115.82,553.54,1666.98,119,2024,2023-01-27,2024,1,27,27,1,1575.09,2216.87,822.93,366.55,79.99,1731.87,1418.31,985.69,2113.23,225.06,727.73
2024-01-28,18.29,571.83,1685.27,120,2024,2023-01-28,2024,1,28,28,1,1583.62,2216.87,822.93,367.49,80.19,1740.79,1426.45,985.69,2115.26,225.06,739.92
2024-01-29,17.27,589.1,1702.54,121,2024,2023-01-29,2024,1,29,29,1,1594.28,2216.87,824.2,368.5,80.41,1751.88,1436.68,986.2,2121.35,225.57,746.78
2024-01-30,0.75,589.85,1703.29,122,2024,2023-01-30,2024,1,30,30,1,1609.02,2232.11,828.52,368.8,80.48,1766.76,1451.28,990.24,2130.75,229.61,790.72
2024-01-31,15.5,605.35,1718.79,123,2024,2023-01-31,2024,1,31,31,1,1620.2,2279.35,839.44,374.92,81.81,1780.55,1459.85,993.79,2180.8,233.16,812.31
2024-02-01,7.87,613.22,1726.66,124,2024,2023-02-01,2024,2,1,32,1,1636.56,2279.35,839.44,375.17,81.87,1797.03,1476.09,993.79,2190.7,233.16,901.88
2024-02-02,14.73,627.95,1741.39,125,2024,2023-02-02,2024,2,2,33,1,1648.46,2279.6,839.7,379.58,82.83,1810.81,1486.11,997.6,2192.22,236.97,903.4
2024-02-03,0.25,628.2,1741.64,126,2024,2023-02-03,2024,2,3,34,1,1654.59,2279.85,839.7,378.38,82.57,1816.43,1492.75,1017.93,2192.22,257.3,903.4
2024-02-04,0.0,628.2,1741.64,127,2024,2023-02-04,2024,2,4,35,1,1661.24,2292.3,839.7,378.07,82.5,1822.94,1499.54,1018.18,2195.26,257.55,906.44
2024-02-05,0.0,628.2,1741.64,128,2024,2023-02-05,2024,2,5,36,1,1674.94,2348.94,839.7,386.81,84.41,1840.38,1509.5,1018.18,2224.98,257.55,936.16
2024-02-06,0.0,628.2,1741.64,129,2024,2023-02-06,2024,2,6,37,1,1687.71,2349.96,839.7,386.91,84.43,1853.19,1522.23,1022.25,2224.98,267.71,936.16
2024-02-07,0.25,628.45,1741.89,130,2024,2023-02-07,2024,2,7,38,1,1697.32,2349.96,839.7,385.44,84.11,1862.18,1532.46,1023.26,2233.61,286.76,944.79
2024-02-08,0.0,628.45,1741.89,131,2024,2023-02-08,2024,2,8,39,1,1702.82,2350.72,839.7,387.95,84.66,1868.75,1536.89,1023.26,2233.86,291.34,945.04
2024-02-09,0.0,628.45,1741.89,132,2024,2023-02-09,2024,2,9,40,1,1707.94,2361.9,839.7,388.88,84.86,1874.27,1541.61,1024.79,2233.86,291.34,945.04
2024-02-10,2.79,631.24,1744.68,133,2024,2023-02-10,2024,2,10,41,1,1715.13,2363.17,839.7,386.41,84.32,1880.4,1549.86,1027.84,2233.86,291.34,945.04
2024-02-11,58.93,690.17,1803.61,134,2024,2023-02-11,2024,2,11,42,1,1722.65,2363.68,864.34,383.45,83.67,1886.64,1558.66,1029.62,2234.11,295.4,945.29
2024-02-12,12.19,702.36,1815.8,135,2024,2023-02-12,2024,2,12,43,1,1730.05,2363.68,886.18,380.88,83.11,1892.95,1567.15,1031.14,2234.11,296.16,945.29
2024-02-13,0.0,702.36,1815.8,136,2024,2023-02-13,2024,2,13,44,1,1740.15,2363.93,912.85,378.39,82.57,1901.99,1578.31,1031.14,2241.97,307.34,953.15
2024-02-14,0.0,702.36,1815.8,137,2024,2023-02-14,2024,2,14,45,1,1745.45,2363.93,921.74,379.36,82.78,1907.7,1583.2,1031.14,2242.22,307.59,953.4
2024-02-15,0.0,702.36,1815.8,138,2024,2023-02-15,2024,2,15,46,1,1755.57,2369.26,944.6,378.2,82.53,1917.33,1593.81,1031.14,2242.47,309.37,953.65
2024-02-16,0.0,702.36,1815.8,139,2024,2023-02-16,2024,2,16,47,1,1771.83,2369.26,958.06,380.44,83.02,1934.55,1609.11,1031.14,2271.56,309.62,953.9
2024-02-17,0.0,702.36,1815.8,140,2024,2023-02-17,2024,2,17,48,1,1778.62,2369.26,1004.8,374.95,81.82,1938.99,1618.25,1031.39,2273.33,315.21,953.9
2024-02-18,0.0,702.36,1815.8,141,2024,2023-02-18,2024,2,18,49,1,1785.25,2370.53,1021.05,373.6,81.53,1945.05,1625.45,1031.39,2278.67,315.47,953.9
2024-02-19,2.03,704.39,1817.83,142,2024,2023-02-19,2024,2,19,50,1,1791.4,2370.53,1031.39,368.88,80.5,1949.18,1633.62,1045.69,2282.22,322.58,953.9
2024-02-20,7.87,712.26,1825.7,143,2024,2023-02-20,2024,2,20,51,1,1798.89,2387.55,1031.39,374.61,81.75,1959.12,1638.66,1046.71,2349.02,322.58,953.9
2024-02-21,11.94,724.2,1837.64,144,2024,2023-02-21,2024,2,21,52,1,1803.28,2387.8,1031.39,374.08,81.63,1963.27,1643.29,1055.6,2357.38,334.01,954.31
2024-02-22,17.78,741.98,1855.42,145,2024,2023-02-22,2024,2,22,53,1,1810.52,2388.05,1031.39,372.48,81.28,1969.83,1651.21,1055.6,2368.8,367.28,965.73
2024-02-23,0.25,742.23,1855.67,146,2024,2023-02-23,2024,2,23,54,1,1816.31,2388.05,1043.32,370.92,80.94,1974.95,1657.67,1058.9,2374.89,414.27,971.82
2024-02-24,8.38,750.61,1864.05,147,2024,2023-02-24,2024,2,24,55,1,1821.99,2388.05,1058.9,367.97,80.3,1979.38,1664.6,1089.03,2382.25,414.27,979.18
2024-02-25,28.45,779.06,1892.5,148,2024,2023-02-25,2024,2,25,56,1,1832.05,2392.14,1059.15,364.01,79.43,1987.73,1676.37,1118.49,2388.56,448.31,989.07
2024-02-26,1.52,780.58,1894.02,149,2024,2023-02-26,2024,2,26,57,1,1838.61,2397.22,1082.52,359.07,78.36,1992.2,1685.02,1141.58,2388.56,461.12,994.15
2024-02-27,0.76,781.34,1894.78,150,2024,2023-02-27,2024,2,27,58,1,1844.18,2412.47,1088.36,360.67,78.7,1998.43,1689.93,1144.88,2400.24,461.63,1009.4
2024-02-28,97.28,878.62,1992.06,151,2024,2023-02-28,2024,2,28,59,1,1856.72,2454.6,1088.36,366.27,79.93,2013.38,1700.06,1144.88,2412.72,468.47,1009.65
2024-03-01,9.4,888.02,2001.46,152,2024,2023-03-01,2024,3,1,61,1,1868.56,2471.87,1088.36,368.17,80.34,2026.03,1711.09,1145.89,2415.77,480.64,1012.95
2024-03-02,18.03,906.05,2019.49,153,2024,2023-03-02,2024,3,2,62,1,1880.57,2475.68,1088.36,369.35,80.6,2038.55,1722.59,1157.54,2416.02,484.44,1021.84
2024-03-03,9.4,915.45,2028.89,154,2024,2023-03-03,2024,3,3,63,1,1896.27,2487.36,1121.13,366.57,79.99,2053.05,1739.49,1164.13,2424.91,490.03,1028.18
2024-03-04,7.62,923.07,2036.51,155,2024,2023-03-04,2024,3,4,64,1,1903.3,2493.71,1158.21,362.32,79.06,2058.26,1748.34,1165.64,2431.25,505.78,1028.94
2024-03-05,7.37,930.44,2043.88,156,2024,2023-03-05,2024,3,5,65,1,1910.27,2493.96,1166.85,359.68,78.49,2064.11,1756.43,1167.41,2432.01,506.03,1052.81
2024-03-06,0.0,930.44,2043.88,157,2024,2023-03-06,2024,3,6,66,1,1917.01,2493.96,1167.41,357.76,78.07,2070.03,1763.99,1188.95,2455.88,506.03,1054.84
2024-03-07,0.51,930.95,2044.39,158,2024,2023-03-07,2024,3,7,67,1,1925.9,2493.96,1167.41,352.75,76.98,2076.78,1775.02,1258.8,2457.91,506.54,1067.28
2024-03-08,0.0,930.95,2044.39,159,2024,2023-03-08,2024,3,8,68,1,1932.23,2493.96,1173.5,353.21,77.08,2083.31,1781.15,1261.59,2470.35,513.39,1067.28
2024-03-09,18.54,949.49,2062.93,160,2024,2023-03-09,2024,3,9,69,1,1942.8,2494.21,1173.5,349.31,76.23,2092.21,1793.39,1331.7,2470.35,515.41,1067.28
2024-03-10,9.65,959.14,2072.58,161,2024,2023-03-10,2024,3,10,70,1,1949.96,2494.21,1182.89,346.08,75.52,2097.98,1801.94,1333.73,2470.35,516.17,1067.28
2024-03-11,28.96,988.1,2101.54,162,2024,2023-03-11,2024,3,11,71,1,1958.77,2494.21,1182.89,344.89,75.26,2106.28,1811.26,1333.73,2470.35,543.56,1067.28
2024-03-12,22.35,1010.45,2123.89,163,2024,2023-03-12,2024,3,12,72,1,1968.61,2507.67,1183.14,345.99,75.5,2116.59,1820.63,1333.98,2470.35,553.22,1067.28
2024-03-13,14.22,1024.67,2138.11,164,2024,2023-03-13,2024,3,13,73,1,1980.63,2524.18,1183.14,348.39,76.03,2129.65,1831.61,1333.98,2470.35,553.98,1075.4
2024-03-14,1.78,1026.45,2139.89,165,2024,2023-03-14,2024,3,14,74,1,1993.05,2545.01,1190.76,353.18,77.07,2144.11,1841.99,1338.81,2478.47,554.48,1103.37
2024-03-15,0.0,1026.45,2139.89,166,2024,2023-03-15,2024,3,15,75,1,2008.51,2603.94,1210.3,354.82,77.43,2160.27,1856.75,1367.76,2478.72,558.51,1122.17
2024-03-16,0.0,1026.45,2139.89,167,2024,2023-03-16,2024,3,16,76,1,2019.36,2625.02,1218.93,352.37,76.89,2170.06,1868.66,1400.02,2487.11,558.51,1137.66
2024-03-17,0.0,1026.45,2139.89,168,2024,2023-03-17,2024,3,17,77,1,2026.96,2626.29,1232.63,351.88,76.79,2177.47,1876.45,1415.52,2512.25,564.61,1165.82
2024-03-18,0.0,1026.45,2139.89,169,2024,2023-03-18,2024,3,18,78,1,2033.74,2647.88,1241.26,355.78,77.64,2185.91,1881.57,1416.79,2568.89,593.04,1170.64
2024-03-19,0.0,1026.45,2139.89,170,2024,2023-03-19,2024,3,19,79,1,2038.14,2663.12,1258.76,354.76,77.41,2189.86,1886.42,1427.45,2573.71,594.3,1199.59
2024-03-20,0.0,1026.45,2139.89,171,2024,2023-03-20,2024,3,20,80,1,2049.79,2675.31,1315.66,349.49,76.27,2199.28,1900.3,1457.43,2602.66,605.46,1201.11
2024-03-21,0.0,1026.45,2139.89,172,2024,2023-03-21,2024,3,21,81,1,2061.32,2707.31,1342.32,353.22,77.08,2212.4,1910.24,1457.68,2604.18,612.8,1222.46
2024-03-22,0.0,1026.45,2139.89,173,2024,2023-03-22,2024,3,22,82,1,2069.79,2724.58,1342.32,356.24,77.74,2222.16,1917.42,1457.68,2625.53,614.32,1289.0
2024-03-23,3.05,1029.5,2142.94,174,2024,2023-03-23,2024,3,23,83,1,2081.98,2742.36,1343.08,363.03,79.22,2237.25,1926.71,1462.25,2692.07,614.32,1296.2
2024-03-24,4.57,1034.07,2147.51,175,2024,2023-03-24,2024,3,24,84,1,2096.37,2809.4,1359.84,374.85,81.8,2256.7,1936.04,1462.25,2754.55,618.77,1308.65
2024-03-25,0.0,1034.07,2147.51,176,2024,2023-03-25,2024,3,25,85,1,2105.19,2872.65,1374.59,379.99,82.92,2267.71,1942.67,1462.25,2754.55,630.83,1317.54
2024-03-26,7.87,1041.94,2155.38,177,2024,2023-03-26,2024,3,26,86,1,2114.64,2872.65,1374.59,379.19,82.75,2276.83,1952.45,1501.62,2754.8,634.11,1317.54
2024-03-27,3.56,1045.5,2158.94,178,2024,2023-03-27,2024,3,27,87,1,2127.21,2872.65,1374.59,383.93,83.78,2291.42,1963.0,1509.5,2768.52,640.19,1329.99
2024-03-28,26.92,1072.42,2185.86,179,2024,2023-03-28,2024,3,28,88,1,2138.54,2872.65,1375.6,385.91,84.21,2303.59,1973.49,1518.64,2773.35,643.47,1362.5
2024-03-29,7.11,1079.53,2192.97,180,2024,2023-03-29,2024,3,29,89,1,2155.75,2872.65,1378.13,385.48,84.12,2320.63,1990.87,1536.93,2779.19,645.48,1443.78
2024-03-30,6.6,1086.13,2199.57,181,2024,2023-03-30,2024,3,30,90,1,2173.92,2872.65,1378.13,387.34,84.52,2339.58,2008.26,1559.79,2784.52,649.55,1457.5
2024-03-31,0.0,1086.13,2199.57,182,2024,2023-03-31,2024,3,31,91,1,2182.71,2873.91,1399.97,380.21,82.97,2345.33,2020.09,1574.52,2786.04,664.49,1470.84
2024-04-01,0.0,1086.13,2199.57,183,2024,2023-04-01,2024,4,1,92,2,2186.48,2873.91,1415.71,379.2,82.75,2348.67,2024.29,1574.52,2786.04,665.8,1471.59
2024-04-02,0.0,1086.13,2199.57,184,2024,2023-04-02,2024,4,2,93,2,2192.94,2874.66,1431.96,378.77,82.66,2354.95,2030.93,1574.52,2793.91,665.8,1474.64
2024-04-03,11.94,1098.07,2211.51,185,2024,2023-04-03,2024,4,3,94,2,2196.73,2877.71,1438.82,379.53,82.82,2359.06,2034.4,1574.52,2804.58,678.95,1474.64
2024-04-04,0.0,1098.07,2211.51,186,2024,2023-04-04,2024,4,4,95,2,2208.0,2877.71,1439.58,385.52,84.13,2372.89,2043.11,1596.36,2875.7,678.95,1475.64
2024-04-05,0.0,1098.07,2211.51,187,2024,2023-04-05,2024,4,5,96,2,2216.53,2906.43,1439.58,386.73,84.39,2381.93,2051.13,1612.87,2878.71,678.95,1475.64
2024-04-06,0.0,1098.07,2211.51,188,2024,2023-04-06,2024,4,6,97,2,2228.88,2923.7,1439.58,388.81,84.84,2395.17,2062.59,1634.72,2878.71,678.95,1475.64
2024-04-07,6.6,1104.67,2218.11,189,2024,2023-04-07,2024,4,7,98,2,2235.28,2923.7,1439.58,388.36,84.75,2401.39,2069.17,1636.5,2878.71,688.37,1476.91
2024-04-08,8.64,1113.31,2226.75,190,2024,2023-04-08,2024,4,8,99,2,2246.78,2924.46,1439.58,387.42,84.54,2412.48,2081.08,1658.34,2879.98,712.24,1484.18
2024-04-09,53.59,1166.9,2280.34,191,2024,2023-04-09,2024,4,9,100,2,2258.68,2936.14,1439.58,389.65,85.03,2425.34,2092.02,1668.5,2903.35,718.32,1484.18
2024-04-10,0.0,1166.9,2280.34,192,2024,2023-04-10,2024,4,10,101,2,2262.5,2936.14,1441.84,389.74,85.05,2429.2,2095.8,1668.5,2915.02,719.58,1484.18
2024-04-11,0.0,1166.9,2280.34,193,2024,2023-04-11,2024,4,11,102,2,2273.02,2936.65,1444.38,391.38,85.41,2440.42,2105.62,1668.5,2915.78,726.18,1484.18
2024-04-12,19.81,1186.71,2300.15,194,2024,2023-04-12,2024,4,12,103,2,2277.6,2942.49,1457.58,391.39,85.41,2445.0,2110.2,1668.5,2915.78,726.43,1484.18
2024-04-13,4.06,1190.77,2304.21,195,2024,2023-04-13,2024,4,13,104,2,2284.05,2954.17,1486.8,391.87,85.51,2451.65,2116.45,1668.5,2917.04,726.43,1484.18
2024-04-14,0.0,1190.77,2304.21,196,2024,2023-04-14,2024,4,14,105,2,2293.77,2956.71,1486.8,396.88,86.61,2463.53,2124.01,1668.5,2937.62,728.71,1484.18
2024-04-15,0.0,1190.77,2304.21,197,2024,2023-04-15,2024,4,15,106,2,2298.17,2956.71,1486.8,397.36,86.71,2468.12,2128.22,1668.5,2943.2,728.71,1484.18
2024-04-16,0.0,1190.77,2304.21,198,2024,2023-04-16,2024,4,16,107,2,2302.66,2956.71,1486.8,396.98,86.63,2472.45,2132.87,1676.63,2943.2,729.73,1484.18
2024-04-17,0.51,1191.28,2304.72,199,2024,2023-04-17,2024,4,17,108,2,2309.34,2959.19,1490.36,394.7,86.13,2478.15,2140.53,1730.98,2956.71,751.31,1484.18
2024-04-18,0.0,1191.28,2304.72,200,2024,2023-04-18,2024,4,18,109,2,2316.93,2970.36,1511.94,388.56,84.79,2483.12,2150.74,1741.45,2958.49,751.31,1484.43
2024-04-19,0.0,1191.28,2304.72,201,2024,2023-04-19,2024,4,19,110,2,2324.38,2996.08,1511.94,393.31,85.83,2492.61,2156.15,1751.61,2970.36,756.65,1484.68
2024-04-20,0.0,1191.28,2304.72,202,2024,2023-04-20,2024,4,20,111,2,2330.11,3001.16,1517.28,390.13,85.13,2496.96,2163.26,1771.42,2970.61,758.17,1484.68
2024-04-21,5.84,1197.12,2310.56,203,2024,2023-04-21,2024,4,21,112,2,2332.75,3013.1,1518.8,391.56,85.45,2500.23,2165.27,1772.18,2970.61,758.93,1484.68
2024-04-22,0.51,1197.63,2311.07,204,2024,2023-04-22,2024,4,22,113,2,2336.37,3034.18,1519.56,392.78,85.71,2504.36,2168.38,1772.18,2971.11,758.93,1484.68
2024-04-23,0.0,1197.63,2311.07,205,2024,2023-04-23,2024,4,23,114,2,2342.72,3034.18,1519.56,392.73,85.7,2510.69,2174.75,1772.18,2977.71,758.93,1517.92
2024-04-24,0.0,1197.63,2311.07,206,2024,2023-04-24,2024,4,24,115,2,2347.26,3034.18,1519.56,393.51,85.87,2515.57,2178.95,1772.18,2977.96,758.93,1523.5
2024-04-25,12.19,1209.82,2323.26,207,2024,2023-04-25,2024,4,25,116,2,2354.35,3039.01,1519.56,393.98,85.97,2522.85,2185.85,1782.59,2994.21,758.93,1529.84
2024-04-26,29.72,1239.54,2352.98,208,2024,2023-04-26,2024,4,26,117,2,2360.07,3049.68,1519.56,393.12,85.79,2528.22,2191.92,1813.04,3003.11,758.93,1536.94
2024-04-27,6.1,1245.64,2359.08,209,2024,2023-04-27,2024,4,27,118,2,2363.59,3057.3,1519.56,392.9,85.74,2531.64,2195.54,1820.4,3003.11,758.93,1536.94
2024-04-28,43.18,1288.82,2402.26,210,2024,2023-04-28,2024,4,28,119,2,2370.78,3058.57,1519.56,392.73,85.7,2538.75,2202.81,1821.41,3003.11,758.93,1536.94
2024-04-29,12.19,1301.01,2414.45,211,2024,2023-04-29,2024,4,29,120,2,2375.68,3058.57,1519.56,391.95,85.53,2543.32,2208.04,1823.16,3003.11,770.09,1555.99
2024-04-30,1.78,1302.79,2416.23,212,2024,2023-04-30,2024,4,30,121,2,2378.65,3059.59,1519.56,392.51,85.65,2546.52,2210.78,1829.0,3003.11,773.88,1556.24
2024-05-01,0.76,1303.55,2416.99,213,2024,2023-05-01,2024,5,1,122,2,2381.96,3064.67,1519.56,390.18,85.14,2548.83,2215.09,1858.46,3003.11,773.88,1565.88
2024-05-02,0.0,1303.55,2416.99,214,2024,2023-05-02,2024,5,2,123,2,2383.72,3064.92,1519.56,390.35,85.18,2550.67,2216.77,1871.4,3009.98,774.13,1570.45
2024-05-03,0.0,1303.55,2416.99,215,2024,2023-05-03,2024,5,3,124,2,2391.83,3067.21,1533.27,391.51,85.44,2559.29,2224.37,1882.32,3053.14,776.91,1612.61
2024-05-04,0.0,1303.55,2416.99,216,2024,2023-05-04,2024,5,4,125,2,2398.09,3078.89,1533.52,395.45,86.29,2567.22,2228.96,1887.39,3077.77,787.61,1614.64
2024-05-05,0.0,1303.55,2416.99,217,2024,2023-05-05,2024,5,5,126,2,2401.45,3082.19,1548.24,392.18,85.58,2569.19,2233.71,1899.83,3077.77,790.65,1626.05
2024-05-06,25.15,1328.7,2442.14,218,2024,2023-05-06,2024,5,6,127,2,2406.71,3104.29,1551.28,393.77,85.93,2575.13,2238.29,1902.62,3078.28,800.05,1628.84
2024-05-07,7.87,1336.57,2450.01,219,2024,2023-05-07,2024,5,7,128,2,2410.69,3105.05,1560.68,392.57,85.67,2578.6,2242.78,1902.87,3084.11,805.09,1628.84
2024-05-08,0.0,1336.57,2450.01,220,2024,2023-05-08,2024,5,8,129,2,2414.57,3105.3,1565.72,391.05,85.33,2581.82,2247.32,1902.87,3087.16,805.59,1628.84
2024-05-09,0.0,1336.57,2450.01,221,2024,2023-05-09,2024,5,9,130,2,2416.54,3109.11,1566.22,389.44,84.98,2583.1,2249.98,1902.87,3087.16,805.59,1628.84
2024-05-10,0.0,1336.57,2450.01,222,2024,2023-05-10,2024,5,10,131,2,2417.59,3112.16,1566.22,389.36,84.96,2584.11,2251.07,1902.87,3087.16,808.89,1629.09
2024-05-11,0.0,1336.57,2450.01,223,2024,2023-05-11,2024,5,11,132,2,2418.86,3122.07,1569.52,389.24,84.94,2585.34,2252.38,1902.87,3087.16,831.75,1679.87
2024-05-12,0.0,1336.57,2450.01,224,2024,2023-05-12,2024,5,12,133,2,2424.82,3125.88,1592.38,389.51,85.0,2591.42,2258.22,1902.87,3087.16,834.53,1684.09
2024-05-13,0.0,1336.57,2450.01,225,2024,2023-05-13,2024,5,13,134,2,2430.32,3167.28,1595.16,394.97,86.19,2599.25,2261.39,1902.87,3087.16,847.48,1684.09
2024-05-14,0.0,1336.57,2450.01,226,2024,2023-05-14,2024,5,14,135,2,2433.22,3168.55,1608.11,392.52,85.65,2601.09,2265.35,1902.87,3087.16,847.73,1684.09
2024-05-15,0.0,1336.57,2450.01,227,2024,2023-05-15,2024,5,15,136,2,2436.87,3171.6,1608.36,393.68,85.91,2605.25,2268.49,1902.87,3087.16,847.73,1684.09
2024-05-16,0.0,1336.57,2450.01,228,2024,2023-05-16,2024,5,16,137,2,2443.08,3203.1,1608.36,400.57,87.41,2614.4,2271.76,1902.87,3087.16,847.73,1684.09
2024-05-17,0.0,1336.57,2450.01,229,2024,2023-05-17,2024,5,17,138,2,2444.83,3210.21,1608.36,401.66,87.65,2616.62,2273.04,1902.87,3087.16,847.73,1684.09
2024-05-18,0.51,1337.08,2450.52,230,2024,2023-05-18,2024,5,18,139,2,2447.58,3212.5,1608.36,401.89,87.7,2619.47,2275.69,1902.87,3087.16,862.96,1686.87
2024-05-19,11.18,1348.26,2461.7,231,2024,2023-05-19,2024,5,19,140,2,2452.49,3231.3,1623.59,403.91,88.14,2625.24,2279.74,1902.87,3089.94,867.27,1700.07
2024-05-20,0.0,1348.26,2461.7,232,2024,2023-05-20,2024,5,20,141,2,2455.46,3231.55,1627.9,404.7,88.31,2628.55,2282.37,1902.87,3103.14,868.79,1724.95
2024-05-21,0.0,1348.26,2461.7,233,2024,2023-05-21,2024,5,21,142,2,2459.43,3231.55,1629.42,405.44,88.47,2632.83,2286.03,1918.1,3128.02,868.79,1724.95
2024-05-22,52.32,1400.58,2514.02,234,2024,2023-05-22,2024,5,22,143,2,2466.38,3231.55,1629.42,404.76,88.33,2639.51,2293.25,1948.57,3128.02,868.79,1725.46
2024-05-23,0.0,1400.58,2514.02,235,2024,2023-05-23,2024,5,23,144,2,2469.77,3231.55,1629.42,406.65,88.74,2643.7,2295.84,1950.09,3128.53,868.79,1725.46
2024-05-24,0.0,1400.58,2514.02,236,2024,2023-05-24,2024,5,24,145,2,2473.24,3231.8,1629.42,404.55,88.28,2646.27,2300.21,1960.99,3128.53,868.79,1725.46
2024-05-25,4.57,1405.15,2518.59,237,2024,2023-05-25,2024,5,25,146,2,2474.87,3233.83,1629.42,404.47,88.26,2647.86,2301.88,1961.24,3128.53,869.55,1725.46
2024-05-26,4.57,1409.72,2523.16,238,2024,2023-05-26,2024,5,26,147,2,2479.55,3238.15,1630.18,404.17,88.2,2652.42,2306.68,1961.24,3128.53,901.3,1725.46
2024-05-27,35.05,1444.77,2558.21,239,2024,2023-05-27,2024,5,27,148,2,2489.08,3266.05,1661.93,402.33,87.8,2661.17,2316.99,1961.24,3128.53,901.3,1725.46
2024-05-28,0.76,1445.53,2558.97,240,2024,2023-05-28,2024,5,28,149,2,2492.93,3268.55,1661.93,402.0,87.72,2664.86,2321.0,1961.24,3128.53,901.3,1725.46
2024-05-29,17.78,1463.31,2576.75,241,2024,2023-05-29,2024,5,29,150,2,2501.75,3269.82,1661.93,403.33,88.01,2674.25,2329.25,1973.43,3128.53,901.3,1725.46
2024-05-30,3.05,1466.36,2579.8,242,2024,2023-05-30,2024,5,30,151,2,2503.58,3275.42,1661.93,403.73,88.1,2676.26,2330.9,1975.2,3128.53,901.3,1725.46
2024-05-31,0.0,1467.76,2581.2,243,2024,2023-05-31,2024,5,31,152,2,2506.08,3279.42,1661.93,404.64,88.3,2679.15,2333.01,1985.6,3128.53,901.3,1725.46
2024-06-01,0.0,1467.76,2581.2,244,2024,2023-06-01,2024,6,1,153,2,2509.38,3279.42,1661.93,405.47,88.48,2682.8,2335.96,1991.73,3128.53,901.3,1725.46
2024-06-02,4.83,1472.59,2586.03,245,2024,2023-06-02,2024,6,2,154,2,2515.4,3279.42,1661.93,404.86,88.35,2688.57,2342.23,1991.73,3128.53,901.3,1726.22
2024-06-03,34.8,1507.39,2620.83,246,2024,2023-06-03,2024,6,3,155,2,2520.7,3279.42,1661.93,405.56,88.5,2694.16,2347.24,1991.73,3129.29,901.3,1726.22
2024-06-04,24.89,1532.28,2645.72,247,2024,2023-06-04,2024,6,4,156,2,2523.66,3300.52,1661.93,407.14,88.84,2697.79,2349.53,2000.09,3129.29,901.3,1730.78
2024-06-05,19.05,1551.33,2664.77,248,2024,2023-06-05,2024,6,5,157,2,2526.41,3319.82,1661.93,409.38,89.33,2701.5,2351.32,2001.1,3133.85,901.3,1737.64
2024-06-06,0.0,1551.33,2664.77,249,2024,2023-06-06,2024,6,6,158,2,2530.27,3332.52,1661.93,410.26,89.53,2705.75,2354.79,2014.8,3140.71,901.3,1740.68
2024-06-07,0.0,1551.33,2664.77,250,2024,2023-06-07,2024,6,7,159,2,2532.03,3332.77,1661.93,409.63,89.39,2707.23,2356.83,2015.81,3143.75,901.3,1742.96
2024-06-08,0.0,1551.33,2664.77,251,2024,2023-06-08,2024,6,8,160,2,2534.14,3335.27,1661.93,409.22,89.3,2709.17,2359.11,2033.08,3146.03,901.3,1742.96
2024-06-09,0.0,1551.33,2664.77,252,2024,2023-06-09,2024,6,9,161,2,2541.21,3336.57,1661.93,411.86,89.88,2717.37,2365.05,2039.66,3146.03,901.3,1770.38
2024-06-10,0.0,1551.33,2664.77,253,2024,2023-06-10,2024,6,10,162,2,2549.28,3381.07,1661.93,416.36,90.86,2727.37,2371.19,2039.66,3173.45,920.27,1773.42
2024-06-11,0.0,1551.33,2664.77,254,2024,2023-06-11,2024,6,11,163,2,2551.16,3383.07,1661.93,416.27,90.84,2729.21,2373.11,2039.66,3176.49,920.52,1776.73
2024-06-12,3.3,1554.63,2668.07,255,2024,2023-06-12,2024,6,12,164,2,2555.03,3383.32,1661.93,417.68,91.15,2733.68,2376.38,2039.66,3179.8,920.77,1776.98
2024-06-13,0.0,1554.63,2668.07,256,2024,2023-06-13,2024,6,13,165,2,2557.78,3386.12,1661.93,417.19,91.04,2736.22,2379.34,2048.99,3180.05,920.77,1778.25
2024-06-14,0.0,1554.63,2668.07,257,2024,2023-06-14,2024,6,14,166,2,2562.57,3386.12,1661.93,416.41,90.87,2740.68,2384.46,2050.52,3181.32,920.77,1778.25
2024-06-15,6.6,1561.23,2674.67,258,2024,2023-06-15,2024,6,15,167,2,2566.17,3386.12,1661.93,417.0,91.0,2744.53,2387.81,2052.55,3181.32,920.77,1778.5
2024-06-16,14.99,1576.22,2689.66,259,2024,2023-06-16,2024,6,16,168,2,2570.33,3388.92,1661.93,419.49,91.54,2749.75,2390.91,2056.39,3181.57,920.77,1782.56
2024-06-17,5.08,1581.3,2694.74,260,2024,2023-06-17,2024,6,17,169,2,2574.03,3389.67,1661.93,416.54,90.9,2752.19,2395.87,2059.41,3185.63,920.77,1789.92
2024-06-18,0.0,1581.3,2694.74,261,2024,2023-06-18,2024,6,18,170,2,2575.99,3390.17,1662.18,417.91,91.19,2754.72,2397.26,2059.41,3192.99,922.78,1801.61
2024-06-19,0.0,1581.3,2694.74,262,2024,2023-06-19,2024,6,19,171,2,2579.01,3395.27,1662.18,419.56,91.55,2758.45,2399.57,2059.41,3204.68,922.78,1801.61
2024-06-20,0.0,1581.3,2694.74,263,2024,2023-06-20,2024,6,20,172,2,2580.33,3395.27,1662.68,418.49,91.32,2759.32,2401.34,2064.99,3204.68,923.28,1801.61
2024-06-21,0.0,1581.3,2694.74,264,2024,2023-06-21,2024,6,21,173,2,2582.18,3395.27,1664.7,418.69,91.37,2761.27,2403.09,2065.25,3204.68,923.28,1807.94
2024-06-22,0.0,1581.3,2694.74,265,2024,2023-06-22,2024,6,22,174,2,2583.36,3399.87,1666.97,419.94,91.64,2762.97,2403.75,2065.25,3211.01,923.28,1815.54
2024-06-23,0.0,1581.3,2694.74,266,2024,2023-06-23,2024,6,23,175,2,2585.53,3400.12,1670.01,419.67,91.58,2765.03,2406.03,2065.25,3218.61,923.53,1816.04
2024-06-24,0.0,1581.3,2694.74,267,2024,2023-06-24,2024,6,24,176,2,2588.15,3400.12,1670.01,419.27,91.49,2767.47,2408.83,2066.77,3219.11,925.64,1827.46
2024-06-25,0.0,1581.3,2694.74,268,2024,2023-06-25,2024,6,25,177,2,2593.18,3400.12,1686.27,419.9,91.63,2772.77,2413.59,2067.03,3230.53,931.22,1827.46
2024-06-26,9.91,1591.21,2704.65,269,2024,2023-06-26,2024,6,26,178,2,2594.98,3400.12,1691.85,419.7,91.59,2774.5,2415.46,2067.03,3230.53,931.22,1827.46
2024-06-27,5.84,1597.05,2710.49,270,2024,2023-06-27,2024,6,27,179,2,2595.84,3400.12,1691.85,419.76,91.6,2775.38,2416.3,2068.57,3230.53,932.49,1827.46
2024-06-28,1.78,1598.83,2712.27,271,2024,2023-06-28,2024,6,28,180,2,2598.21,3400.12,1693.12,419.55,91.55,2777.65,2418.77,2068.57,3230.53,932.74,1834.32
2024-06-29,4.83,1603.66,2717.1,272,2024,2023-06-29,2024,6,29,181,2,2600.09,3400.62,1693.37,419.04,91.44,2779.31,2420.87,2068.57,3237.39,932.74,1864.54
2024-06-30,0.0,1603.66,2717.1,273,2024,2023-06-30,2024,6,30,182,2,2602.66,3400.62,1693.37,420.96,91.86,2782.71,2422.61,2068.57,3267.61,932.74,1864.79
2024-07-01,0.0,1603.66,2717.1,274,2024,2023-07-01,2024,7,1,183,3,2604.74,3400.62,1693.37,420.87,91.84,2784.75,2424.73,2068.57,3267.86,932.74,1864.79
2024-07-02,0.0,1603.66,2717.1,275,2024,2023-07-02,2024,7,2,184,3,2605.42,3400.62,1693.37,420.95,91.86,2785.47,2425.37,2068.57,3267.86,932.74,1864.79
2024-07-03,0.0,1603.66,2717.1,276,2024,2023-07-03,2024,7,3,185,3,2606.42,3400.62,1693.37,420.53,91.77,2786.29,2426.55,2068.57,3267.86,932.74,1864.79
2024-07-04,0.0,1603.66,2717.1,277,2024,2023-07-04,2024,7,4,186,3,2609.18,3406.21,1693.37,419.89,91.63,2788.77,2429.59,2069.59,3267.86,932.74,1864.79
2024-07-05,0.0,1603.66,2717.1,278,2024,2023-07-05,2024,7,5,187,3,2609.91,3418.66,1693.37,421.06,91.88,2789.99,2429.83,2070.34,3267.86,932.74,1864.79
2024-07-06,0.0,1603.66,2717.1,279,2024,2023-07-06,2024,7,6,188,3,2613.56,3418.66,1693.37,423.3,92.37,2794.61,2432.51,2077.45,3267.86,939.83,1864.79
2024-07-07,0.0,1603.66,2717.1,280,2024,2023-07-07,2024,7,7,189,3,2614.79,3421.45,1700.46,422.37,92.17,2795.44,2434.14,2077.45,3267.86,955.07,1864.79
2024-07-08,0.0,1603.66,2717.1,281,2024,2023-07-08,2024,7,8,190,3,2618.03,3429.83,1715.7,422.1,92.11,2798.57,2437.49,2077.45,3267.86,957.85,1865.06
2024-07-09,0.0,1603.66,2717.1,282,2024,2023-07-09,2024,7,9,191,3,2620.75,3430.08,1718.48,424.65,92.67,2802.38,2439.12,2077.45,3267.86,957.85,1865.31
2024-07-10,0.0,1603.66,2717.1,283,2024,2023-07-10,2024,7,10,192,3,2623.5,3430.08,1718.48,425.89,92.94,2805.66,2441.34,2077.45,3267.86,957.85,1866.32
2024-07-11,0.0,1603.66,2717.1,284,2024,2023-07-11,2024,7,11,193,3,2625.18,3430.08,1718.48,426.36,93.04,2807.54,2442.82,2077.45,3267.86,957.85,1874.42
2024-07-12,0.0,1603.66,2717.1,285,2024,2023-07-12,2024,7,12,194,3,2626.51,3430.08,1718.48,427.06,93.19,2809.16,2443.86,2077.45,3267.86,957.85,1877.67
2024-07-13,0.0,1603.66,2717.1,286,2024,2023-07-13,2024,7,13,195,3,2627.81,3430.08,1718.48,427.31,93.25,2810.58,2445.04,2077.45,3267.86,957.85,1879.19
2024-07-14,0.0,1603.66,2717.1,287,2024,2023-07-14,2024,7,14,196,3,2629.37,3430.08,1718.48,427.61,93.31,2812.26,2446.48,2077.45,3267.86,957.85,1879.19
2024-07-15,0.0,1603.66,2717.1,288,2024,2023-07-15,2024,7,15,197,3,2630.74,3430.08,1718.48,427.37,93.26,2813.53,2447.95,2077.45,3267.86,957.85,1879.19
2024-07-16,0.0,1603.66,2717.1,289,2024,2023-07-16,2024,7,16,198,3,2631.3,3432.11,1718.48,427.68,93.33,2814.23,2448.37,2077.45,3267.86,957.85,1879.19
2024-07-17,0.0,1603.66,2717.1,290,2024,2023-07-17,2024,7,17,199,3,2632.75,3439.73,1718.48,428.25,93.45,2815.91,2449.59,2077.45,3267.86,957.85,1879.19
2024-07-18,0.0,1603.66,2717.1,291,2024,2023-07-18,2024,7,18,200,3,2635.22,3440.24,1718.48,428.94,93.6,2818.68,2451.76,2077.45,3271.41,957.85,1886.57
2024-07-19,0.0,1603.66,2717.1,292,2024,2023-07-19,2024,7,19,201,3,2636.68,3440.75,1718.48,431.0,94.05,2821.02,2452.34,2077.45,3297.58,957.85,1886.57
2024-07-20,0.0,1603.66,2717.1,293,2024,2023-07-20,2024,7,20,202,3,2637.24,3440.75,1718.48,430.98,94.05,2821.58,2452.9,2077.45,3301.12,957.85,1890.61
2024-07-21,0.0,1603.66,2717.1,294,2024,2023-07-21,2024,7,21,203,3,2639.67,3440.75,1718.48,432.77,94.44,2824.77,2454.57,2077.45,3324.73,957.85,1891.37
2024-07-22,0.0,1603.66,2717.1,295,2024,2023-07-22,2024,7,22,204,3,2641.68,3440.75,1718.48,434.96,94.92,2827.72,2455.64,2077.45,3353.94,957.85,1901.01
2024-07-23,0.0,1603.66,2717.1,296,2024,2023-07-23,2024,7,23,205,3,2643.46,3440.75,1718.48,437.52,95.47,2830.58,2456.34,2077.45,3379.84,957.85,1901.01
2024-07-24,0.0,1603.66,2717.1,297,2024,2023-07-24,2024,7,24,206,3,2647.39,3440.75,1718.48,433.59,94.62,2832.85,2461.93,2077.45,3384.91,957.85,1901.01
2024-07-25,0.0,1603.66,2717.1,298,2024,2023-07-25,2024,7,25,207,3,2650.09,3440.75,1718.48,431.9,94.25,2834.82,2465.36,2077.45,3384.91,961.65,1901.01
2024-07-26,0.0,1603.66,2717.1,299,2024,2023-07-26,2024,7,26,208,3,2650.52,3440.75,1722.28,431.52,94.17,2835.09,2465.95,2077.45,3384.91,961.9,1901.01
2024-07-27,0.0,1603.66,2717.1,300,2024,2023-07-27,2024,7,27,209,3,2651.2,3440.75,1722.53,431.61,94.18,2835.79,2466.61,2077.45,3384.91,961.9,1901.01
2024-07-28,0.0,1603.66,2717.1,301,2024,2023-07-28,2024,7,28,210,3,2651.92,3440.75,1722.53,431.66,94.2,2836.55,2467.29,2079.47,3384.91,961.9,1901.01
2024-07-29,31.75,1635.41,2748.85,302,2024,2023-07-29,2024,7,29,211,3,2653.43,3440.75,1722.53,431.96,94.26,2838.18,2468.68,2079.47,3384.91,961.9,1901.01
2024-07-30,3.3,1638.71,2752.15,303,2024,2023-07-30,2024,7,30,212,3,2655.53,3440.75,1722.53,429.47,93.72,2839.22,2471.84,2119.59,3385.67,974.55,1901.01
2024-07-31,1.27,1639.98,2753.42,304,2024,2023-07-31,2024,7,31,213,3,2656.16,3440.75,1722.53,429.33,93.69,2839.79,2472.53,2120.09,3385.67,975.05,1901.01
2024-08-01,0.0,1639.98,2753.42,305,2024,2023-08-01,2024,8,1,214,3,2657.07,3440.75,1722.53,428.31,93.46,2840.25,2473.89,2136.34,3385.67,991.3,1901.01
2024-08-02,0.0,1639.98,2753.42,306,2024,2023-08-02,2024,8,2,215,3,2658.1,3440.75,1722.53,427.67,93.32,2841.01,2475.19,2150.05,3385.67,1005.01,1901.01
2024-08-03,0.0,1639.98,2753.42,307,2024,2023-08-03,2024,8,3,216,3,2659.06,3440.75,1722.53,428.02,93.4,2842.12,2476.0,2150.05,3385.67,1005.01,1901.01
2024-08-04,0.0,1639.98,2753.42,308,2024,2023-08-04,2024,8,4,217,3,2659.9,3451.95,1722.53,429.11,93.64,2843.43,2476.37,2150.05,3385.92,1005.01,1901.01
2024-08-05,0.0,1639.98,2753.42,309,2024,2023-08-05,2024,8,5,218,3,2660.09,3456.05,1722.53,429.48,93.72,2843.78,2476.4,2150.05,3385.92,1005.01,1901.01
2024-08-06,0.0,1639.98,2753.42,310,2024,2023-08-06,2024,8,6,219,3,2662.08,3456.05,1722.53,429.42,93.71,2845.75,2478.41,2150.05,3385.92,1005.01,1901.01
2024-08-07,0.0,1639.98,2753.42,311,2024,2023-08-07,2024,8,7,220,3,2663.8,3456.05,1722.53,429.56,93.74,2847.53,2480.07,2150.05,3385.92,1005.01,1901.01
2024-08-08,0.0,1639.98,2753.42,312,2024,2023-08-08,2024,8,8,221,3,2666.15,3456.05,1722.53,428.75,93.56,2849.53,2482.77,2150.05,3387.7,1005.01,1902.54
2024-08-09,0.0,1639.98,2753.42,313,2024,2023-08-09,2024,8,9,222,3,2666.85,3456.05,1723.03,428.62,93.53,2850.17,2483.53,2150.05,3389.98,1005.01,1902.79
2024-08-10,0.0,1639.98,2753.42,314,2024,2023-08-10,2024,8,10,223,3,2668.91,3456.05,1725.56,426.24,93.01,2851.21,2486.61,2156.38,3389.98,1013.94,1902.79
2024-08-11,0.0,1639.98,2753.42,315,2024,2023-08-11,2024,8,11,224,3,2671.51,3457.05,1774.57,420.95,91.86,2851.56,2491.46,2156.63,3389.98,1014.44,1902.79
2024-08-12,0.0,1639.98,2753.42,316,2024,2023-08-12,2024,8,12,225,3,2672.33,3457.05,1775.07,421.23,91.92,2852.49,2492.17,2156.88,3391.75,1014.44,1902.79
2024-08-13,0.0,1639.98,2753.42,317,2024,2023-08-13,2024,8,13,226,3,2672.54,3457.05,1775.07,421.44,91.97,2852.8,2492.28,2156.88,3393.52,1032.73,1925.37
2024-08-14,0.0,1639.98,2753.42,318,2024,2023-08-14,2024,8,14,227,3,2674.93,3457.3,1793.36,420.36,91.73,2854.72,2495.14,2156.88,3393.52,1032.98,1925.37
2024-08-15,0.0,1639.98,2753.42,319,2024,2023-08-15,2024,8,15,228,3,2675.23,3457.3,1793.61,419.98,91.65,2854.86,2495.6,2156.88,3393.52,1032.98,1925.37
2024-08-16,0.0,1639.98,2753.42,320,2024,2023-08-16,2024,8,16,229,3,2675.4,3457.3,1793.61,420.02,91.66,2855.05,2495.75,2156.88,3393.52,1032.98,1925.37
2024-08-17,0.0,1639.98,2753.42,321,2024,2023-08-17,2024,8,17,230,3,2679.8,3457.3,1793.61,421.62,92.01,2860.14,2499.46,2156.88,3395.29,1032.98,1925.37
2024-08-18,6.1,1646.08,2759.52,322,2024,2023-08-18,2024,8,18,231,3,2680.44,3457.3,1793.61,422.13,92.12,2861.0,2499.88,2156.88,3395.54,1032.98,1925.37
2024-08-19,1.02,1647.1,2760.54,323,2024,2023-08-19,2024,8,19,232,3,2680.57,3457.3,1793.61,422.03,92.1,2861.09,2500.05,2158.64,3395.54,1032.98,1925.37
2024-08-20,4.32,1651.42,2764.86,324,2024,2023-08-20,2024,8,20,233,3,2682.16,3457.3,1793.61,420.87,91.84,2862.17,2502.15,2183.79,3399.33,1038.75,1925.37
2024-08-21,0.51,1651.93,2765.37,325,2024,2023-08-21,2024,8,21,234,3,2686.72,3457.3,1793.61,419.32,91.5,2866.06,2507.38,2188.18,3400.34,1066.15,1933.53
2024-08-22,12.19,1664.12,2777.56,326,2024,2023-08-22,2024,8,22,235,3,2690.79,3457.3,1794.12,420.23,91.7,2870.52,2511.06,2188.18,3400.34,1072.74,1957.15
2024-08-23,17.02,1681.14,2794.58,327,2024,2023-08-23,2024,8,23,236,3,2695.85,3457.3,1794.12,419.81,91.61,2875.41,2516.29,2188.18,3400.34,1072.74,1957.15
2024-08-24,13.21,1694.35,2807.79,328,2024,2023-08-24,2024,8,24,237,3,2697.8,3457.3,1794.12,419.99,91.65,2877.43,2518.17,2188.18,3400.34,1072.74,1957.15
2024-08-25,0.51,1694.86,2808.3,329,2024,2023-08-25,2024,8,25,238,3,2700.58,3457.3,1794.12,418.8,91.39,2879.7,2521.46,2188.18,3400.34,1096.37,1957.66
2024-08-26,33.53,1728.39,2841.83,330,2024,2023-08-26,2024,8,26,239,3,2702.84,3457.3,1794.62,419.35,91.51,2882.2,2523.48,2188.18,3400.59,1096.37,1957.66
2024-08-27,0.0,1728.39,2841.83,331,2024,2023-08-27,2024,8,27,240,3,2705.77,3458.3,1794.62,419.62,91.57,2885.25,2526.29,2188.18,3421.17,1112.87,1957.66
2024-08-28,0.0,1728.39,2841.83,332,2024,2023-08-28,2024,8,28,241,3,2707.66,3458.3,1794.62,418.59,91.34,2886.69,2528.63,2188.18,3421.17,1135.97,1957.66
2024-08-29,0.0,1728.39,2841.83,333,2024,2023-08-29,2024,8,29,242,3,2712.36,3458.3,1794.62,417.83,91.18,2891.07,2533.65,2188.18,3421.17,1178.64,1957.66
2024-08-30,0.0,1728.39,2841.83,334,2024,2023-08-30,2024,8,30,243,3,2718.71,3458.3,1794.62,418.64,91.35,2897.76,2539.66,2188.95,3421.17,1183.46,1957.66
2024-08-31,0.0,1728.39,2841.83,335,2024,2023-08-31,2024,8,31,244,3,2720.59,3458.3,1794.62,419.27,91.49,2899.91,2541.27,2189.2,3421.42,1183.46,1960.46
2024-09-01,0.0,1728.39,2841.83,336,2024,2023-09-01,2024,9,1,245,3,2733.02,3458.3,1794.62,423.11,92.33,2913.99,2552.05,2189.2,3421.93,1183.46,1960.71
2024-09-02,0.0,1728.39,2841.83,337,2024,2023-09-02,2024,9,2,246,3,2735.15,3458.3,1796.14,424.0,92.52,2916.49,2553.81,2189.2,3421.93,1183.46,1960.71
2024-09-03,0.0,1728.39,2841.83,338,2024,2023-09-03,2024,9,3,247,3,2738.5,3458.3,1796.14,423.54,92.42,2919.64,2557.36,2218.16,3425.73,1183.71,1960.71
2024-09-04,0.0,1728.39,2841.83,339,2024,2023-09-04,2024,9,4,248,3,2740.32,3458.3,1810.86,422.8,92.26,2921.15,2559.49,2218.41,3428.52,1183.71,1960.71
2024-09-05,0.0,1728.39,2841.83,340,2024,2023-09-05,2024,9,5,249,3,2743.1,3475.3,1810.86,424.37,92.61,2924.62,2561.58,2218.41,3432.83,1183.71,1960.71
2024-09-06,0.0,1728.39,2841.83,341,2024,2023-09-06,2024,9,6,250,3,2743.93,3475.3,1821.26,423.32,92.38,2924.99,2562.87,2218.41,3432.83,1183.71,1960.71
2024-09-07,0.0,1728.39,2841.83,342,2024,2023-09-07,2024,9,7,251,3,2745.24,3475.3,1840.28,421.23,91.92,2925.4,2565.08,2218.41,3432.83,1183.71,1960.71
2024-09-08,0.0,1728.39,2841.83,343,2024,2023-09-08,2024,9,8,252,3,2746.73,3475.3,1841.29,421.59,92.0,2927.05,2566.41,2218.41,3432.83,1183.71,1960.71
2024-09-09,0.0,1728.39,2841.83,344,2024,2023-09-09,2024,9,9,253,3,2749.8,3475.3,1841.54,423.09,92.33,2930.77,2568.83,2218.66,3432.83,1183.71,1960.71
2024-09-10,0.76,1729.15,2842.59,345,2024,2023-09-10,2024,9,10,254,3,2756.72,3475.3,1872.29,419.43,91.53,2936.12,2577.32,2218.66,3432.83,1183.71,1960.71
2024-09-11,1.78,1730.93,2844.37,346,2024,2023-09-11,2024,9,11,255,3,2757.02,3475.3,1872.29,419.47,91.54,2936.44,2577.6,2218.66,3432.83,1183.71,1960.71
2024-09-12,0.0,1730.93,2844.37,347,2024,2023-09-12,2024,9,12,256,3,2758.13,3475.3,1872.29,419.12,91.46,2937.39,2578.87,2218.66,3432.83,1183.71,1960.71
2024-09-13,14.48,1745.41,2858.85,348,2024,2023-09-13,2024,9,13,257,3,2764.18,3475.3,1872.29,419.91,91.63,2943.77,2584.59,2218.66,3432.83,1183.71,1960.71
2024-09-14,27.94,1773.35,2886.79,349,2024,2023-09-14,2024,9,14,258,3,2767.34,3475.3,1872.29,420.87,91.84,2947.35,2587.33,2218.66,3432.83,1183.71,1960.71
2024-09-15,0.0,1773.35,2886.79,350,2024,2023-09-15,2024,9,15,259,3,2771.46,3475.3,1872.29,422.04,92.1,2951.98,2590.94,2218.66,3432.83,1183.71,1962.23
2024-09-16,0.0,1773.35,2886.79,351,2024,2023-09-16,2024,9,16,260,3,2776.26,3482.16,1872.29,424.04,92.53,2957.62,2594.9,2218.66,3432.83,1183.71,1964.77
2024-09-17,0.0,1773.35,2886.79,352,2024,2023-09-17,2024,9,17,261,3,2781.86,3487.24,1879.89,426.03,92.97,2964.08,2599.64,2218.66,3434.86,1183.71,1964.77
2024-09-18,0.0,1773.35,2886.79,353,2024,2023-09-18,2024,9,18,262,3,2794.75,3487.24,1881.15,423.7,92.46,2975.97,2613.53,2219.43,3434.86,1183.71,1976.66
2024-09-19,0.0,1773.35,2886.79,354,2024,2023-09-19,2024,9,19,263,3,2799.88,3487.24,1887.23,424.32,92.59,2981.36,2618.4,2222.47,3443.49,1183.71,1988.35
2024-09-20,0.0,1773.35,2886.79,355,2024,2023-09-20,2024,9,20,264,3,2807.73,3487.24,1909.31,423.81,92.48,2988.99,2626.47,2229.33,3443.74,1183.71,1988.6
2024-09-21,0.0,1773.35,2886.79,356,2024,2023-09-21,2024,9,21,265,3,2815.77,3487.24,1909.31,426.92,93.16,2998.36,2633.18,2229.33,3446.51,1189.29,1988.6
2024-09-22,7.62,1780.97,2894.41,357,2024,2023-09-22,2024,9,22,266,3,2821.36,3487.24,1909.31,428.6,93.53,3004.68,2638.04,2229.33,3455.89,1192.84,1988.6
2024-09-23,6.35,1787.32,2900.76,358,2024,2023-09-23,2024,9,23,267,3,2831.4,3487.24,1909.31,434.22,94.75,3017.11,2645.69,2229.33,3460.96,1192.84,1988.6
2024-09-24,5.59,1792.91,2906.35,359,2024,2023-09-24,2024,9,24,268,3,2842.27,3488.76,1909.31,434.25,94.76,3028.0,2656.54,2248.64,3461.21,1193.09,2059.92
2024-09-25,22.1,1815.01,2928.45,360,2024,2023-09-25,2024,9,25,269,3,2848.99,3488.76,1909.31,433.21,94.54,3034.29,2663.69,2268.7,3462.99,1204.0,2060.17
2024-09-26,10.16,1825.17,2938.61,361,2024,2023-09-26,2024,9,26,270,3,2855.85,3488.76,1909.31,431.27,94.11,3040.31,2671.39,2271.75,3463.24,1226.84,2060.17
2024-09-27,3.56,1828.73,2942.17,362,2024,2023-09-27,2024,9,27,271,3,2865.79,3488.76,1909.31,425.97,92.95,3047.97,2683.61,2280.29,3463.24,1229.63,2071.6
2024-09-28,0.0,1828.73,2942.17,363,2024,2023-09-28,2024,9,28,272,3,2869.36,3488.76,1909.31,426.27,93.02,3051.68,2687.04,2280.29,3474.67,1229.63,2071.85
2024-09-29,0.0,1828.73,2942.17,364,2024,2023-09-29,2024,9,29,273,3,2875.11,3489.01,1912.84,428.49,93.5,3058.37,2691.85,2281.81,3474.92,1229.63,2086.32
2024-09-30,0.0,1828.73,2942.17,365,2024,2023-09-30,2024,9,30,274,3,2887.37,3489.39,1931.88,433.36,94.57,3072.73,2702.01,2281.81,3489.01,1234.7315,2146.09
2024-10-01,1.02,1829.75,2943.19,366,2024,2023-10-01,2024,10,1,275,4,2943.19,2943.19,2943.19,,,,,2943.19,2943.19,1234.7315,2155.2415
2024-10-02,0.0,1829.75,0.0,1,2025,2022-10-01,2024,10,2,276,4,11.36,79.0,0.0,23.86,5.09,21.34,1.38,0.0,62.71399999999999,1235.2905,2164.6829999999995
2024-10-03,0.0,1829.75,0.0,2,2025,2022-10-02,2024,10,3,277,4,14.65,97.03,0.0,30.07,6.41,27.21,2.09,0.0,78.91749999999999,1244.955,2164.9235
2024-10-04,42.16,1871.91,42.16,3,2025,2022-10-03,2024,10,4,278,4,21.38,105.36,0.0,35.0,7.46,36.0,6.76,0.0,97.9845,1274.158,2164.9235
2024-10-05,0.0,1871.91,42.16,4,2025,2022-10-04,2024,10,5,279,4,25.08,114.75,0.0,35.99,7.67,40.11,10.05,0.0,98.20049999999999,1311.5405,2165.5205
2024-10-06,0.0,1871.91,42.16,5,2025,2022-10-05,2024,10,6,280,4,30.01,120.06,0.0,37.34,7.96,45.61,14.41,0.0,98.20049999999999,1332.0415,2177.5155
2024-10-07,0.0,1871.91,42.16,6,2025,2022-10-06,2024,10,7,281,4,33.48,120.31,0.0,40.27,8.58,50.3,16.66,0.0,101.7935,1343.2704999999999,2178.0
2024-10-08,5.84,1877.75,48.0,7,2025,2022-10-07,2024,10,8,282,4,43.66,155.09,0.0,46.17,9.84,62.95,24.37,0.012500000000000011,116.44899999999998,1343.3595,2180.166
2024-10-09,6.6,1884.35,54.6,8,2025,2022-10-08,2024,10,9,283,4,53.01,195.45,0.0,53.66,11.44,75.43,30.59,0.025500000000000023,124.892,1349.112,2185.714
2024-10-10,0.25,1884.6,54.85,9,2025,2022-10-09,2024,10,10,284,4,57.99,195.7,0.0,57.65,12.29,82.08,33.9,0.025500000000000023,173.60799999999998,1350.01,2235.4539999999997
2024-10-11,0.0,1884.6,54.85,10,2025,2022-10-10,2024,10,11,285,4,68.7,199.74,0.0,59.49,12.68,93.55,43.85,0.16500000000000015,190.70849999999996,1350.26,2257.171
2024-10-12,0.0,1884.6,54.85,11,2025,2022-10-11,2024,10,12,286,4,76.25,213.46,0.0,59.81,12.75,101.24,51.26,0.27900000000000025,190.95849999999996,1350.26,2285.9245
2024-10-13,0.0,1884.6,54.85,12,2025,2022-10-12,2024,10,13,287,4,81.08,213.46,0.0,60.0,12.79,106.15,56.01,0.27900000000000025,190.95849999999996,1351.661,2286.9435
2024-10-14,30.73,1915.33,85.58,13,2025,2022-10-13,2024,10,14,288,4,90.14,213.46,0.0,60.22,12.84,115.31,64.97,6.521000000000001,191.9835,1379.7155,2297.728
2024-10-15,1.78,1917.11,87.36,14,2025,2022-10-14,2024,10,15,289,4,101.48,213.46,0.0,59.14,12.61,126.2,76.76,7.278000000000001,192.225,1380.2745,2307.6270000000004
2024-10-16,12.19,1929.3,99.55,15,2025,2022-10-15,2024,10,16,290,4,111.72,213.46,0.0,65.71,14.01,139.18,84.26,11.882000000000001,205.09300000000002,1382.6585,2322.829
2024-10-17,0.76,1930.06,100.31,16,2025,2022-10-16,2024,10,17,291,4,126.77,305.82,0.0,75.2,16.03,158.19,95.35,45.9805,222.466,1421.2555,2356.0085
2024-10-18,60.45,1990.51,160.76,17,2025,2022-10-17,2024,10,18,292,4,157.5,409.71,0.0,98.25,20.95,198.56,116.44,77.259,333.813,1467.5125,2377.4605
2024-10-19,216.66,2207.17,377.42,18,2025,2022-10-18,2024,10,19,293,4,190.06,440.6,0.0,119.06,25.38,239.8,140.32,77.2965,424.9865,1468.516,2405.2655
2024-10-20,44.96,2252.13,422.38,19,2025,2022-10-19,2024,10,20,294,4,206.74,447.45,0.0,122.29,26.07,257.84,155.64,77.9965,427.472,1468.516,2405.2655
2024-10-21,0.0,2252.13,422.38,20,2025,2022-10-20,2024,10,21,295,4,217.46,461.16,0.0,127.67,27.22,270.81,164.11,79.20299999999999,427.472,1480.3245,2405.2655
2024-10-22,6.1,2258.23,428.48,21,2025,2022-10-21,2024,10,22,296,4,226.61,505.85,0.0,135.78,28.95,283.35,169.87,79.45,452.62899999999996,1480.3245,2406.4719999999998
2024-10-23,0.0,2258.23,428.48,22,2025,2022-10-22,2024,10,23,297,4,241.7,507.36,1.52,140.16,29.88,300.26,183.14,80.375,467.42749999999995,1480.8215,2408.1535
2024-10-24,0.0,2258.23,428.48,23,2025,2022-10-23,2024,10,24,298,4,248.69,522.34,1.77,144.34,30.77,309.0,188.38,80.56450000000001,482.5615,1482.6465,2409.1949999999997
2024-10-25,7.62,2265.85,436.1,24,2025,2022-10-24,2024,10,25,299,4,255.06,522.59,17.01,143.11,30.51,314.86,195.26,80.941,490.866,1484.627,2416.9089999999997
2024-10-26,27.94,2293.79,464.04,25,2025,2022-10-25,2024,10,26,300,4,264.36,522.59,47.24,141.84,30.24,323.63,205.09,81.04650000000001,501.53549999999996,1485.102,2416.9089999999997
2024-10-27,23.62,2317.41,487.66,26,2025,2022-10-26,2024,10,27,301,4,280.71,532.13,81.28,137.03,29.21,337.96,223.46,89.02,521.2035,1485.3395,2417.1974999999998
2024-10-28,11.43,2328.84,499.09,27,2025,2022-10-27,2024,10,28,302,4,290.65,553.72,96.26,133.45,28.45,346.41,234.89,97.139,521.415,1485.3395,2442.465
2024-10-29,5.08,2333.92,504.17,28,2025,2022-10-28,2024,10,29,303,4,299.03,558.8,96.52,130.7,27.86,353.64,244.42,103.81,524.3195,1485.3395,2445.306
2024-10-30,23.88,2357.8,528.05,29,2025,2022-10-29,2024,10,30,304,4,314.7,582.42,100.05,133.0,28.36,370.29,259.11,136.584,549.6434999999999,1529.201,2482.2940000000003
2024-10-31,5.08,2362.88,533.13,30,2025,2022-10-30,2024,10,31,305,4,320.58,582.67,100.05,133.35,28.43,376.3,264.86,144.07,549.8974999999999,1532.336,2503.874
2024-11-01,16.0,2378.88,549.13,31,2025,2022-10-31,2024,11,1,306,4,338.12,582.92,110.97,127.01,27.08,391.2,285.04,190.50799999999998,550.6975,1532.679,2538.3684999999996
2024-11-02,2.54,2381.42,551.67,32,2025,2022-11-01,2024,11,2,307,4,351.04,582.92,113.77,126.22,26.91,403.78,298.3,211.547,551.6255,1537.991,2560.57
2024-11-03,3.3,2384.72,554.97,33,2025,2022-11-02,2024,11,3,308,4,366.25,601.72,132.05,124.76,26.6,418.39,314.11,211.797,554.7605,1538.3845000000001,2597.7019999999998
2024-11-04,69.6,2454.32,624.57,34,2025,2022-11-03,2024,11,4,309,4,386.2,634.74,171.93,130.69,27.86,440.81,331.59,221.5325,620.926,1546.9099999999999,2624.5695
2024-11-05,0.0,2454.32,624.57,35,2025,2022-11-04,2024,11,5,310,4,413.84,666.24,172.19,136.55,29.11,470.9,356.78,223.345,621.195,1559.3985,2637.2835
2024-11-06,0.25,2454.57,624.82,36,2025,2022-11-05,2024,11,6,311,4,430.51,701.8,172.44,141.35,30.14,489.58,371.44,225.51100000000002,621.521,1595.0845,2638.718
2024-11-07,0.25,2454.82,625.07,37,2025,2022-11-06,2024,11,7,312,4,441.49,714.75,175.74,144.86,30.88,502.01,380.97,227.924,623.1410000000001,1626.46,2652.2365
2024-11-08,16.76,2471.58,641.83,38,2025,2022-11-07,2024,11,8,313,4,463.93,733.8,178.28,149.46,31.86,526.38,401.48,227.924,649.8195,1644.463,2660.8815
2024-11-09,15.24,2486.82,657.07,39,2025,2022-11-08,2024,11,9,314,4,474.57,765.55,221.21,147.96,31.54,536.39,412.75,249.3845,656.7535,1677.7959999999998,2678.9694999999997
2024-11-10,9.91,2496.73,666.98,40,2025,2022-11-09,2024,11,10,315,4,480.33,773.17,221.72,149.9,31.96,542.97,417.69,250.8315,666.219,1704.6105,2695.1545
2024-11-11,32.51,2529.24,699.49,41,2025,2022-11-10,2024,11,11,316,4,492.84,817.87,225.27,156.66,33.4,558.3,427.38,256.8775,698.1195,1709.095,2708.6965
2024-11-12,35.56,2564.8,735.05,42,2025,2022-11-11,2024,11,12,317,4,506.97,818.63,225.27,163.12,34.78,575.14,438.8,258.084,732.0595,1726.0735,2738.1179999999995
2024-11-13,37.34,2602.14,772.39,43,2025,2022-11-12,2024,11,13,318,4,522.21,859.02,225.27,168.52,35.93,592.63,451.79,273.45550000000003,768.3069999999999,1737.635,2740.2225
2024-11-14,19.81,2621.95,792.2,44,2025,2022-11-13,2024,11,14,319,4,542.96,873.24,239.24,171.5,36.56,614.62,471.3,288.2145,790.9110000000001,1740.9315,2746.039
2024-11-15,0.25,2622.2,792.45,45,2025,2022-11-14,2024,11,15,320,4,556.89,905.75,248.39,173.2,36.93,629.27,484.51,288.315,791.9605,1816.6345,2777.4565000000002
2024-11-16,36.58,2658.78,829.03,46,2025,2022-11-15,2024,11,16,321,4,568.4,991.35,249.4,183.81,39.19,645.21,491.59,288.3275,826.7874999999999,1881.0345,2787.6854999999996
2024-11-17,12.45,2671.23,841.48,47,2025,2022-11-16,2024,11,17,322,4,593.53,1082.28,294.87,195.81,41.75,675.36,511.7,308.567,886.7095,1888.452,2804.971
2024-11-18,6.1,2677.33,847.58,48,2025,2022-11-17,2024,11,18,323,4,610.12,1082.28,294.87,192.68,41.08,690.64,529.6,339.1945,897.151,1938.138,2805.2760000000003
2024-11-19,18.03,2695.36,865.61,49,2025,2022-11-18,2024,11,19,324,4,626.62,1082.28,304.01,191.88,40.91,706.8,546.44,341.87399999999997,949.438,1961.8084999999999,2806.415
2024-11-20,11.68,2707.04,877.29,50,2025,2022-11-19,2024,11,20,325,4,640.04,1093.2,319.0,194.11,41.38,721.14,558.94,348.8565,957.4795,1964.0855,2806.9990000000003
2024-11-21,1.27,2708.31,878.56,51,2025,2022-11-20,2024,11,21,326,4,650.96,1094.98,319.0,195.6,41.7,732.69,569.23,350.063,970.5674999999999,1978.668,2808.6785
2024-11-22,7.87,2716.18,886.43,52,2025,2022-11-21,2024,11,22,327,4,658.6,1095.74,319.25,196.97,41.99,740.9,576.3,350.538,977.478,1978.668,2811.0745
2024-11-23,17.02,2733.2,903.45,53,2025,2022-11-22,2024,11,23,328,4,673.78,1095.74,319.25,199.6,42.55,757.18,590.38,383.1135,1005.5939999999999,1980.095,2811.201
2024-11-24,2.29,2735.49,905.74,54,2025,2022-11-23,2024,11,24,329,4,686.79,1118.85,319.51,201.83,43.03,771.13,602.45,419.3,1027.416,1980.095,2818.867
2024-11-25,0.0,2735.49,905.74,55,2025,2022-11-24,2024,11,25,330,4,707.23,1119.61,319.51,205.11,43.73,792.94,621.52,432.35499999999996,1059.2504999999999,1980.095,2821.3559999999998
2024-11-26,0.25,2735.74,905.99,56,2025,2022-11-25,2024,11,26,331,4,716.75,1127.74,319.51,206.32,43.99,802.97,630.53,441.812,1063.3575,1982.038,2832.8885
2024-11-27,0.0,2735.74,905.99,57,2025,2022-11-26,2024,11,27,332,4,730.24,1204.19,319.51,217.92,46.46,821.3,639.18,453.787,1066.3875,1982.1105,2847.7905
2024-11-28,0.0,2735.74,905.99,58,2025,2022-11-27,2024,11,28,333,4,752.08,1216.64,319.51,219.5,46.8,843.81,660.35,492.8245,1066.916,1982.1105,2870.149
2024-11-29,10.92,2746.66,916.91,59,2025,2022-11-28,2024,11,29,334,4,765.68,1287.76,319.51,229.94,49.02,861.76,669.6,505.07000000000005,1069.3290000000002,1991.6105,2888.66
2024-11-30,5.59,2752.25,922.5,60,2025,2022-11-29,2024,11,30,335,4,783.54,1371.83,319.76,244.39,52.1,885.66,681.42,507.2455,1070.7685000000001,2021.5355,2915.6415
2024-12-01,0.0,2752.25,922.5,61,2025,2022-11-30,2024,12,1,336,4,789.65,1375.64,331.44,243.34,51.88,891.33,687.97,513.187,1071.7710000000002,2048.9785,2989.254
2024-12-02,0.25,2752.5,922.75,62,2025,2022-12-01,2024,12,2,337,4,806.13,1454.13,372.34,247.51,52.77,909.56,702.7,514.604,1081.1875,2060.3044999999997,2996.9900000000002
2024-12-03,0.25,2752.75,923.0,63,2025,2022-12-02,2024,12,3,338,4,819.45,1499.09,406.88,250.82,53.47,924.25,714.65,518.0469999999999,1081.2505,2129.28,2999.926
2024-12-04,0.0,2752.75,923.0,64,2025,2022-12-03,2024,12,4,339,4,829.78,1499.09,407.64,252.73,53.88,935.38,724.18,531.081,1081.653,2142.4205,3002.3345000000004
2024-12-05,0.25,2753.0,923.25,65,2025,2022-12-04,2024,12,5,340,4,844.97,1499.34,407.64,249.63,53.22,949.28,740.66,549.1495,1082.261,2143.1549999999997,3002.4350000000004
2024-12-06,26.92,2779.92,950.17,66,2025,2022-12-05,2024,12,6,341,4,854.03,1502.9,407.9,251.77,53.68,959.24,748.82,549.797,1107.3695,2158.6525,3002.6725
2024-12-07,39.88,2819.8,990.05,67,2025,2022-12-06,2024,12,7,342,4,861.6,1503.15,407.9,252.36,53.8,967.05,756.15,549.8095000000001,1114.3329999999999,2167.1675,3002.9225
2024-12-08,17.53,2837.33,1007.58,68,2025,2022-12-07,2024,12,8,343,4,874.02,1507.72,407.9,253.64,54.08,980.02,768.02,550.1105,1115.758,2168.4125,3003.1600000000003
2024-12-09,0.76,2838.09,1008.34,69,2025,2022-12-08,2024,12,9,344,4,883.18,1535.15,407.9,253.45,54.04,989.1,777.26,550.5385,1116.7079999999999,2169.2374999999997,3003.1600000000003
2024-12-10,0.25,2838.34,1008.59,70,2025,2022-12-09,2024,12,10,345,4,895.45,1537.18,407.9,249.9,53.28,999.88,791.02,551.567,1117.4205,2171.413,3004.8045
2024-12-11,0.0,2838.34,1008.59,71,2025,2022-12-10,2024,12,11,346,4,909.51,1539.47,407.9,252.39,53.81,1014.98,804.04,551.7545,1130.8525,2196.7495,3018.3134999999997
2024-12-12,0.25,2838.59,1008.84,72,2025,2022-12-11,2024,12,12,347,4,919.62,1579.35,407.9,260.69,55.58,1028.56,810.68,552.344,1197.7150000000001,2224.274,3037.8469999999998
2024-12-13,27.18,2865.77,1036.02,73,2025,2022-12-12,2024,12,13,348,4,931.83,1604.5,409.68,266.93,56.91,1043.37,820.29,553.7145,1212.6074999999998,2228.3805,3110.9845
2024-12-14,6.86,2872.63,1042.88,74,2025,2022-12-13,2024,12,14,349,4,945.74,1619.23,426.19,266.57,56.83,1057.13,834.35,553.7145,1214.7250000000001,2229.6345,3117.0294999999996
2024-12-15,5.33,2877.96,1048.21,75,2025,2022-12-14,2024,12,15,350,4,958.37,1628.88,433.3,273.39,58.29,1072.62,844.12,553.74,1280.5725,2229.7795,3122.837
2024-12-16,5.59,2883.55,1053.8,76,2025,2022-12-15,2024,12,16,351,4,966.8,1629.9,439.9,275.15,58.66,1081.77,851.83,558.322,1287.918,2246.7205,3153.756
2024-12-17,48.01,2931.56,1101.81,77,2025,2022-12-16,2024,12,17,352,4,978.16,1632.19,449.3,277.5,59.16,1094.11,862.21,560.7284999999999,1292.0565000000001,2257.984,3178.319
2024-12-18,36.83,2968.39,1138.64,78,2025,2022-12-17,2024,12,18,353,4,991.54,1635.75,449.3,281.67,60.05,1109.24,873.84,579.301,1321.8075000000001,2291.0280000000002,3225.5485
2024-12-19,24.64,2993.03,1163.28,79,2025,2022-12-18,2024,12,19,354,4,1001.7,1636.0,454.38,283.53,60.45,1120.18,883.22,583.934,1350.1174999999998,2315.4825,3228.801
2024-12-20,4.06,2997.09,1167.34,80,2025,2022-12-19,2024,12,20,355,4,1018.82,1685.02,459.97,289.54,61.73,1139.81,897.83,584.6155,1402.012,2335.144,3230.8295
2024-12-21,10.67,3007.76,1178.01,81,2025,2022-12-20,2024,12,21,356,4,1032.55,1686.54,460.22,292.0,62.25,1154.56,910.54,589.885,1412.7975000000001,2348.2545,3249.6744999999996
2024-12-22,25.65,3033.41,1203.66,82,2025,2022-12-21,2024,12,22,357,4,1054.33,1686.79,460.22,298.93,63.73,1179.24,929.42,593.5065,1447.1435,2348.514,3292.6805
2024-12-23,8.13,3041.54,1211.79,83,2025,2022-12-22,2024,12,23,358,4,1061.9,1706.6,463.78,301.46,64.27,1187.87,935.93,593.631,1447.3235,2349.521,3293.878
2024-12-24,4.83,3046.37,1216.62,84,2025,2022-12-23,2024,12,24,359,4,1071.96,1750.8,492.48,304.12,64.84,1199.05,944.87,593.8885,1466.6654999999998,2352.7870000000003,3295.7214999999997
2024-12-25,34.04,3080.41,1250.66,85,2025,2022-12-24,2024,12,25,360,4,1086.91,1751.82,522.45,304.34,64.89,1214.09,959.73,602.257,1527.2589999999998,2352.8120000000004,3296.3455
2024-12-26,31.75,3112.16,1282.41,86,2025,2022-12-25,2024,12,26,361,4,1110.8,1753.6,522.96,296.26,63.16,1234.59,987.01,642.6875,1530.3929999999998,2353.699,3297.044
2024-12-27,15.24,3127.4,1297.65,87,2025,2022-12-26,2024,12,27,362,4,1118.19,1754.11,526.01,294.96,62.88,1241.43,994.95,649.898,1532.2755,2370.618,3299.288
2024-12-28,34.54,3161.94,1332.19,88,2025,2022-12-27,2024,12,28,363,4,1127.16,1754.11,533.37,293.04,62.48,1249.62,1004.7,668.2425,1546.2689999999998,2384.6365,3303.3475
2024-12-29,10.67,3172.61,1342.86,89,2025,2022-12-28,2024,12,29,364,4,1139.6,1754.36,544.55,286.21,61.02,1259.2,1020.0,706.5845,1546.5189999999998,2388.714,3304.801
2024-12-30,13.6,3186.21,1356.46,90,2025,2022-12-29,2024,12,30,365,4,1151.86,1755.63,544.8,286.71,61.13,1271.67,1032.05,733.593,1586.1084999999998,2417.7625000000003,3319.7165
2024-12-31,1.1,3187.31,1357.56,91,2025,2022-12-30,2024,12,31,366,4,1161.84,1755.63,547.34,290.89,62.02,1283.4,1040.28,738.8845,1644.5214999999998,2210.435,3325.1150000000002
